{
  "intro": "BarkaBot répond aux questions sur Barka Digit : services, contacts, adresse.",
  "contacts": {
    "whatsapp": "https://wa.me/22798174737",
    "email": "contactbarkadigit@gmail.com",
    "facebook": "https://www.facebook.com/share/1JBq9FrcDF/",
    "adresse": "Bobiel, Station Sahara, voie vers CEG35, Niamey, Niger"
  },
  "services": {
    "e-commerce": "Création de boutiques, optimisation conversion, COD Afrique.",
    "publicite-digitale": "Facebook/Instagram Ads, audiences locales, itérations rapides.",
    "creation-video": "Vidéos publicitaires, UGC, scripts et montage pro.",
    "formations": "Formations pratiques e-commerce et marketing digital.",
    "placement-marketeurs": "Recrutement et placement de marketeurs formés.",
    "produits-numeriques": "Création et vente d’e-books, templates et outils."
  },
  "cta": {
    "contact": "Discutons sur WhatsApp",
    "services": "/services"
  }
}